datetime,temperature_k,mixture_flow,still_pressure,pid_output_power,water_cooling_inlet,water_cooling_outlet,pt3_pressure,pt4_pressure,sensor_status
2026-01-01 00:00:00,0.015014901424590336,10.185235509506327,1.21399355436586,50.77836107616664,289.6624108625128,292.28530649860977,0.7809219244212261,0.7118064091245214,Normal
2026-01-01 00:01:00,0.014995852070964865,10.381883328094027,1.2092463368291277,49.44881428367147,289.9277406646422,292.48409233026644,0.7913961498922051,0.6937268655404869,Normal
2026-01-01 00:02:00,0.01501943065614302,9.720286485236171,1.2005963036992018,49.181801116577695,289.60379003950004,291.83434580840833,0.7958639446657836,0.7004522270899998,Normal
2026-01-01 00:03:00,0.01504569089569224,10.112593847338115,1.1935306322229442,49.99662554258905,289.8460192351805,291.6938816327461,0.8188768765734019,0.7005119790188108,Normal
2026-01-01 00:04:00,0.0149929753987583,9.869871486175635,1.206982233136136,49.82981537747507,289.0531926665231,291.4574247367211,0.8055655312453376,0.6949821580718847,Normal
2026-01-01 00:05:00,0.014992975891291524,9.90257492324706,1.2039348538542174,49.54677195067273,290.10664685368647,291.5872947350105,0.7866451843090011,0.6862753445211589,Normal
2026-01-01 00:06:00,0.015047376384465221,9.881521215152226,1.2089519322002773,50.696387447456715,290.0006027376811,293.4745472126544,0.8048603628941764,0.7032297450361766,Normal
2026-01-01 00:07:00,0.015023023041874587,9.827201846064037,1.2063517180168197,50.95530520857051,289.5914556844659,292.6223397903684,0.7845269601106164,0.6993899602814461,Normal
2026-01-01 00:08:00,0.01498591576842195,10.009704325588965,1.2104955271531934,50.08840688629185,290.3296228342162,291.324462816896,0.8108269105388708,0.7050024046943657,Normal
2026-01-01 00:09:00,0.015016276801307578,9.833809976717792,1.1946476478843944,51.477530081055264,290.4687850688133,291.3387710216282,0.7952887534818213,0.6946639969356083,Normal
2026-01-01 00:10:00,0.014986097469215625,10.054091365155967,1.2131739406563433,48.858310885866494,289.1962200678155,292.24093303085925,0.7990636381126084,0.7122082129881304,Normal
2026-01-01 00:11:00,0.014986028107392892,9.989952378110173,1.2019759960469238,49.806340540720285,289.6186376107169,292.27363239868896,0.8132579664754219,0.6912322621878815,Normal
2026-01-01 00:12:00,0.01500725886814698,9.952210390626718,1.2207526087262526,49.2831776793972,289.61542882510633,292.2744419176587,0.7871283643141576,0.7171204028401789,Normal
2026-01-01 00:13:00,0.014942601592660266,9.81848726759168,1.1931081218191042,48.13346338292694,289.5300484494456,291.87252210322316,0.7860288181488702,0.6825236349017173,Normal
2026-01-01 00:14:00,0.014948252465024608,9.884645733886334,1.2173596380316525,49.917319314157304,290.4147374209659,291.93727286999854,0.79416400673654,0.7043477006455688,Normal
2026-01-01 00:15:00,0.01498313137412277,10.15107824516515,1.2019791078346265,49.87825249161671,289.9030869306136,292.1639397620797,0.8103837885101932,0.7047543068252662,Normal
2026-01-01 00:16:00,0.014969615066389967,10.100183437524876,1.1934858199638554,51.513449743242134,289.8677425793447,292.04294650314665,0.7848065392452316,0.6920444293205912,Normal
2026-01-01 00:17:00,0.015009427419977857,9.80448895104029,1.1951611416594567,50.63081168455478,288.99806881779665,290.89034981362624,0.7716784440188944,0.7042439393786101,Normal
2026-01-01 00:18:00,0.014972759277734364,10.019866461085845,1.1967965269180567,48.975813175670794,290.31770901510464,291.8851001847124,0.7954884114159101,0.7127951866976016,Normal
2026-01-01 00:19:00,0.01495763088895994,10.150277424674357,1.204241659464019,51.85409256633419,289.3803708025733,291.57429678286985,0.8055174079991092,0.6778318116064593,Normal
2026-01-01 00:20:00,0.015043969463067646,9.666118943775725,1.2052283548803548,51.22103369552535,290.02996631513315,292.08760570945424,0.8120026174973883,0.7050274480749081,Normal
2026-01-01 00:21:00,0.014993226710985403,10.108672038475987,1.1942629999606142,50.58209770346861,290.13868846897907,293.4926295013017,0.7953683863791461,0.6750672917966992,Normal
2026-01-01 00:22:00,0.015002025846140637,9.86747524821083,1.1997564540773902,49.77351590115017,290.68032929791934,292.18374083273716,0.79588573392884,0.6903433519647679,Normal
2026-01-01 00:23:00,0.014957257554413596,10.114119733718631,1.2214227035861185,49.04056076327652,289.34558980044045,291.8432351569138,0.8115390073425575,0.7162916636490094,Normal
2026-01-01 00:24:00,0.014983668518264244,9.847348168691497,1.217275431701007,49.62779322392895,288.4902439220896,292.4609007509886,0.7813025830030459,0.6941821796660794,Normal
2026-01-01 00:25:00,0.015003327677691296,9.639023579867096,1.2043632366967403,51.088748619704184,290.09192477237684,292.2413439436046,0.79611479224817,0.6882612003559102,Normal
2026-01-01 00:26:00,0.01496547019267733,9.674491512423367,1.200380034781682,51.88458630593461,290.9002555907554,292.2100472452259,0.8019042388992507,0.6980206227101531,Normal
2026-01-01 00:27:00,0.01501127094055037,10.009616989332276,1.2012003132671825,51.543243528272185,290.61947317646974,292.3034252966078,0.8044921872128504,0.7206790633816355,Normal
2026-01-01 00:28:00,0.014981980839302435,10.051944500344296,1.206135179727304,49.51115057821372,290.1048297076373,293.0282717824148,0.7949019330680912,0.6816831775279397,Normal
2026-01-01 00:29:00,0.014991249187506201,9.819136674979118,1.1897720743480158,48.88038256671099,289.754181907184,291.43455578233704,0.8003444101170585,0.6894869008836065,Normal
2026-01-01 00:30:00,0.014981948801633118,10.127718491755475,1.1974262346257665,50.1408862469112,290.40356129831866,292.2368160384057,0.7751167264658702,0.7149743168317962,Normal
2026-01-01 00:31:00,0.015055568345535267,9.667695987546209,1.183314159261224,48.23156063443715,289.51322690014774,291.5368094350092,0.7934175158766615,0.7185770234353773,Normal
2026-01-01 00:32:00,0.014999595083257862,9.986784040270537,1.2039922312260527,50.323167714184784,290.2381788846781,292.2777563231711,0.8045350871255447,0.6989656877570971,Normal
2026-01-01 00:33:00,0.014968268672131323,9.757796760047508,1.2064719593970274,49.85239741370133,290.2527350795833,291.540656744257,0.7901770596574532,0.6876094729747335,Normal
2026-01-01 00:34:00,0.015024676347363096,9.869632778439568,1.1951681353770063,49.533963498131754,290.53010495374946,291.79131659319745,0.800589842215896,0.7209584350180915,Normal
2026-01-01 00:35:00,0.014963374690500868,10.009479734263282,1.2157398676329003,48.40529693273321,291.37983001945554,291.85245504288105,0.804468725008027,0.7159444239174919,Normal
2026-01-01 00:36:00,0.015006265907850142,9.82791732694321,1.1877423433699765,50.51360010656972,290.1962079835894,292.48790835967236,0.7965745079914224,0.7067894698776223,Normal
2026-01-01 00:37:00,0.014941209896283607,9.923088891154034,1.1853562511979017,49.46729916033809,289.7455181871463,292.4592272219712,0.8017046377099658,0.6918759765106257,Normal
2026-01-01 00:38:00,0.014960154418533047,10.201258561842888,1.2022445181855996,48.83008316428971,289.987212843904,291.3771413117768,0.790372674347154,0.6995097065916196,Normal
2026-01-01 00:39:00,0.015005905837076073,9.88462162609537,1.2104709830261215,47.12773778671835,289.11546204755547,292.0274670554999,0.7979338872030396,0.6983963991895517,Normal
2026-01-01 00:40:00,0.015022153997399862,10.167138422413029,1.2168392769145786,49.97248509494936,289.65264343445546,291.6452100726254,0.8061021616958922,0.7033085130461557,Normal
2026-01-01 00:41:00,0.015005141048435698,9.774058629068476,1.1954111573713107,51.77225159666975,289.79535878094345,291.3707475446623,0.8015697296096844,0.7145100143813133,Normal
2026-01-01 00:42:00,0.014996530551528352,10.105960835583057,1.210786808334313,51.66125921454787,289.7379558010327,291.8914914747878,0.7941346873043607,0.7087941704113739,Normal
2026-01-01 00:43:00,0.014990966889132321,10.28831372413158,1.1996149153049929,49.54290374341373,290.07617743601685,291.84575860577206,0.8022421640429079,0.6892262392301524,Normal
2026-01-01 00:44:00,0.014955644340288976,9.505671099974542,1.1982737270005916,49.39778793963822,289.5887900338089,293.21335824317276,0.8071460979063663,0.7137649645001953,Normal
2026-01-01 00:45:00,0.014978404673748159,9.840620948905904,1.2088365993748666,50.46877425607502,290.56051533366224,292.21647991268037,0.7795005872142252,0.7031313214001315,Normal
2026-01-01 00:46:00,0.014986180836871206,10.115414425436107,1.206523228784134,49.00161456081171,290.0001035324591,291.3111912496229,0.811590740649559,0.7068706579585892,Normal
2026-01-01 00:47:00,0.015031713666786567,9.959390922791401,1.1842360784301575,50.30179189981946,289.9953498394307,291.71761299791456,0.7966374526131893,0.7146654085927859,Normal
2026-01-01 00:48:00,0.015010308548687054,10.074229174674262,1.2147654034972588,50.76608027838469,289.83605264174355,292.5106916477147,0.8042548993324024,0.6888841975048644,Normal
2026-01-01 00:49:00,0.014947108795339118,9.879202962656835,1.2138009135414745,51.22693322388431,290.0775953419295,293.04422138643497,0.8119724692364523,0.6996417442129353,Normal
2026-01-01 00:50:00,0.015009722519081843,10.01731795749458,1.1937443729849047,49.89984592352005,290.4125491323338,291.207008343881,0.7862832630276954,0.6946854544864078,Normal
2026-01-01 00:51:00,0.01498844753158751,9.968864552921584,1.203958035334374,49.79632624982303,289.56643489214457,291.0600378074305,0.7929055899757246,0.6843214057463454,Normal
2026-01-01 00:52:00,0.014979692339990821,10.23355641233196,1.2049403018628273,49.12201741324344,289.67094175546237,292.9354825876859,0.797114513041243,0.7034670997760492,Normal
2026-01-01 00:53:00,0.015018350288665225,10.050884168660243,1.202606737658239,49.17311964596014,289.8481369856117,292.1948070886855,0.7921624647887557,0.7251155655158442,Normal
2026-01-01 00:54:00,0.015030929985674879,10.06752053241504,1.1944969484615457,49.77352110809847,289.3270645382634,291.5658536340618,0.8173493657583681,0.6815992225549424,Normal
2026-01-01 00:55:00,0.015027938403573485,9.917624606775506,1.1932837663206195,50.36736550681618,289.59037107013927,292.2673145430612,0.7914322790617321,0.6996771938895052,Normal
2026-01-01 00:56:00,0.01497482347430332,9.902478755185502,1.1997444592900854,50.91358462623325,289.76188956322767,290.68212613049155,0.7944445322051313,0.7064054293507477,Normal
2026-01-01 00:57:00,0.014990723628724462,9.913488362436075,1.2117272901925935,49.19682104931965,290.43719459035634,292.0016877532986,0.8020438903160299,0.7012307820165617,Normal
2026-01-01 00:58:00,0.015009937902942106,10.07889042847566,1.2054360015459442,51.49268856895952,290.13128066450093,292.16391058642154,0.7879785047392391,0.6988687194748425,Normal
2026-01-01 00:59:00,0.01502926635381367,9.915803103835948,1.1962938566791388,49.72887639895743,290.0967949556838,292.4621350697689,0.7960431928824374,0.6870078363655417,Normal
2026-01-01 01:00:00,0.014985624772864642,10.057954971379283,1.2077169871064835,49.97863270565156,290.425448981084,291.49305202385375,0.8031745326125018,0.7023278674294016,Normal
2026-01-01 01:01:00,0.014994430230700085,10.415080159729088,1.1715145737936992,49.252788320852176,289.9313141058003,292.0428435807017,0.796671395956175,0.6924323602298407,Normal
2026-01-01 01:02:00,0.014966809950779819,10.174224940686338,1.211487657003721,47.57575973972706,290.19523242496444,291.5372876869702,0.7990661314110006,0.6781007829502145,Normal
2026-01-01 01:03:00,0.01496411380127758,9.934795293566431,1.1826028622122189,50.88404539636105,289.94838912353373,292.12769187783715,0.7947066788755164,0.7119459222051373,Normal
2026-01-01 01:04:00,0.015024375774671826,10.24024278443279,1.1963755905859685,50.736843897092434,290.1326811746998,291.5523268388185,0.7848552969081923,0.7095838581984204,Normal
2026-01-01 01:05:00,0.015040687200857125,9.91838492539569,1.1888033010537384,49.71867244288179,289.7086206711942,291.7959495804199,0.8032159321133925,0.7005166097685107,Normal
2026-01-01 01:06:00,0.014997839696352589,9.59237509296443,1.1870531852427908,50.06699071722487,288.7805914208618,291.50209230260486,0.8175493307164725,0.702290746882057,Normal
2026-01-01 01:07:00,0.01503010598693676,9.79838273781652,1.2116082678737852,50.5159392177041,289.93286041890684,292.32556812091184,0.8001840163078344,0.7107431801271555,Normal
2026-01-01 01:08:00,0.015010849080751428,9.62584161579483,1.195322987986881,48.437454143113456,290.71137406804996,292.4292255583283,0.8022526411724755,0.7022433965677808,Normal
2026-01-01 01:09:00,0.014980646407361846,9.929697303191737,1.2034650388173072,49.47094732265371,290.4631077011208,291.8826897150213,0.8069272275511686,0.7090401755476131,Normal
2026-01-01 01:10:00,0.015010841868165252,10.00368367583791,1.1995307942112081,50.794264679621826,290.4826987422956,292.01911899748,0.7873066950345331,0.6970251779912614,Normal
2026-01-01 01:11:00,0.015046141096993978,10.335287462455057,1.2047704082722313,48.74571057683075,290.61806536090313,291.2757042926832,0.8170251465812961,0.7131198373857395,Normal
2026-01-01 01:12:00,0.014998925218826701,10.065385474752832,1.2007682189106026,50.29355793216663,290.04432879548074,291.8501616759966,0.8020232879642281,0.7032078572593268,Normal
2026-01-01 01:13:00,0.01504693930967442,9.956179894238227,1.1871700777581142,48.6434181953766,290.0986578537028,291.9748976914791,0.8163185689908912,0.7019405194360587,Normal
2026-01-01 01:14:00,0.014921407646877306,10.165881116236697,1.2099626681944713,50.466429982433525,289.6911740522828,293.310396545515,0.7926696700447602,0.6872993891128797,Normal
2026-01-01 01:15:00,0.015024657075131256,9.557772938198424,1.1950624341683869,49.964358517702514,289.84196357198647,291.4440164871129,0.8181806192255783,0.702869558543017,Normal
2026-01-01 01:16:00,0.015002611412047145,10.047122911621713,1.1844341810134025,48.38486818409449,290.3078855748856,292.7320886193762,0.8077515549403479,0.6916804508250555,Normal
2026-01-01 01:17:00,0.014991029779486024,10.154173038777394,1.195718848390341,51.16473935445717,290.6019422185844,292.4984293867329,0.8055304008585237,0.693617172734715,Normal
2026-01-01 01:18:00,0.015002752823296064,9.704282750844031,1.215007597906343,49.265408423201954,289.9302768621595,292.14031820224506,0.8023402445435315,0.6918462437168388,Normal
2026-01-01 01:19:00,0.014940372932561972,10.228750808641387,1.2085022174211348,49.189747562985616,289.7749053675743,292.8793102420976,0.7975147138192555,0.6893376506810077,Normal
2026-01-01 01:20:00,0.014993409843364874,10.067699281498882,1.1965134786559213,50.20056919723094,290.0002639794283,292.18605273630345,0.8120053165847387,0.7212477140301695,Normal
2026-01-01 01:21:00,0.015010713377145352,9.91694241721984,1.1965074229568156,51.14863734942872,290.3006033744646,292.194579597834,0.8014035986984805,0.713313390619884,Normal
2026-01-01 01:22:00,0.015044336821342244,10.126556373221257,1.1967836494878261,48.984178181021605,289.2780725919332,291.9734396734912,0.7803293029641285,0.7192036750214426,Normal
2026-01-01 01:23:00,0.01498445189345179,10.454138571560879,1.2207674798356083,50.06167984984797,288.8519095234314,292.6117844412093,0.7888281353829301,0.6877710498044444,Normal
2026-01-01 01:24:00,0.014975745191913204,10.0363732510117,1.2038193545223155,50.428816500330576,289.7247315752542,292.54823461690546,0.7981415424780726,0.7007125374991089,Normal
2026-01-01 01:25:00,0.014984947288692462,10.049644117260067,1.2043004164719107,50.69310560726314,289.3896437870429,291.6871613562519,0.8030999898316556,0.687064923747959,Normal
2026-01-01 01:26:00,0.015027462063531062,9.908127820091952,1.2103028345403184,50.17644155527722,289.74592990117634,291.3403764027006,0.799434115111001,0.6930430512280293,Normal
2026-01-01 01:27:00,0.01500986253328979,9.830031126107041,1.202387891590265,49.63297216091668,289.92610984059127,291.8985096813022,0.8121897078979367,0.6908187301658342,Normal
2026-01-01 01:28:00,0.014984107193886988,10.166067163308849,1.1974095785417929,49.17240977935128,289.7733757954885,291.5999807178012,0.7804889813596138,0.7123958400644156,Normal
2026-01-01 01:29:00,0.0150153980229934,9.828783234818227,1.19803650150915,50.086143883046375,290.7262337672354,291.9682377126923,0.8014358793650517,0.6960377032189824,Normal
2026-01-01 01:30:00,0.01500291232648044,10.014313247443878,1.1992839874058594,48.927860988014395,290.16337238230113,292.61871906734206,0.7818202077461285,0.7106837933369401,Normal
2026-01-01 01:31:00,0.015029059349715986,9.904468510646977,1.1996277776349016,47.07864951650539,290.1502371798054,291.7713491724566,0.8075971229548418,0.7060412088958852,Normal
2026-01-01 01:32:00,0.014978938407183678,10.095795965149279,1.2072762954363698,50.43655980415767,290.3111035720217,291.9785883093442,0.79905541285558,0.7230363875210478,Normal
2026-01-01 01:33:00,0.014990170135602067,10.06673242105739,1.200519458858073,50.9039348410862,289.4305834411096,292.0290113674042,0.8041960997202412,0.6852055577686027,Normal
2026-01-01 01:34:00,0.014988236755406035,10.20750798885158,1.2073264007721558,47.637067564458164,290.51955589371016,292.42421544110266,0.7913611703941024,0.7125923323978679,Normal
2026-01-01 01:35:00,0.014956094551556037,9.89799672022905,1.1991928341989142,48.99026929529006,289.9621178567323,290.8765553330077,0.8127946493165775,0.7114644087040072,Normal
2026-01-01 01:36:00,0.015008883608311936,9.946025012941325,1.200786351903161,50.6191542610052,290.3352403086206,291.6966498526173,0.8104172466405886,0.6902662116197296,Normal
2026-01-01 01:37:00,0.015007831658165396,9.804247256843539,1.1800179931546788,52.0574954697117,289.4640713834799,292.10564184613975,0.8058354430301189,0.7100713333647316,Normal
2026-01-01 01:38:00,0.015000153403699274,9.911141347984778,1.2091632767470248,50.02079370767541,289.223120616992,292.60003947821343,0.7987048275313656,0.7033614496302623,Normal
2026-01-01 01:39:00,0.014992962385998745,10.075460098608971,1.20346488475898,49.271997058770864,290.4089448290125,291.7540487762469,0.8057985728529513,0.6977252374004659,Normal
2026-01-01 01:40:00,0.014957538877738487,10.15139772332907,1.2099801010985964,49.81710355889516,290.18820476304876,291.0617236469791,0.7929310743201265,0.6917606451302799,Normal
2026-01-01 01:41:00,0.014987380640317039,9.815566935164474,1.171037446218063,51.37487641914819,289.54897422282124,292.30985572298306,0.8085555565902072,0.6928089054855081,Normal
2026-01-01 01:42:00,0.014989718564504196,10.173921184021133,1.2208837470478073,49.35403582087547,289.56516845936267,291.68231880558716,0.8164948089432392,0.7204981209578593,Normal
2026-01-01 01:43:00,0.01497593168192335,10.27112757176099,1.1986041037184483,49.20080799334975,290.5627173922074,291.40516667045483,0.810706105599792,0.7000068281895748,Normal
2026-01-01 01:44:00,0.01499516142865002,10.08268698064474,1.2110818281673752,49.517256477817966,289.4052940535663,291.6878273051434,0.7927039753019259,0.7078213000153145,Normal
2026-01-01 01:45:00,0.015012121525704436,10.375359162511613,1.1896009407287447,49.046671391741285,290.821336476628,291.9077373211721,0.8036141731727311,0.6920910061833244,Normal
2026-01-01 01:46:00,0.015056585577036315,9.845242160179286,1.2061277390506258,50.122670315994796,289.54968963267606,291.6976276677309,0.7870685845624136,0.6922014705377836,Normal
2026-01-01 01:47:00,0.015005237334384955,9.751069059337716,1.1894658443682633,51.62467845846956,290.3191959628042,290.89721697145046,0.8057239031117568,0.7108198480924994,Normal
2026-01-01 01:48:00,0.015007726511721683,9.644255950219144,1.193762310393042,50.32307927311603,289.8356907621255,292.4485330984436,0.8045060341286254,0.6865042378844847,Normal
2026-01-01 01:49:00,0.014997766622527015,10.299208862297837,1.2191403135386678,49.74764649787371,290.3015937155412,292.63743752063937,0.7813018366046784,0.6958478623209472,Normal
2026-01-01 01:50:00,0.014942436863541029,10.130873131270812,1.1980931759923665,49.708188731084455,289.7279429989429,292.3257609956697,0.7883821615608764,0.7003402741107223,Normal
2026-01-01 01:51:00,0.014999204583736523,9.988883065817909,1.2021743287317972,48.43680919130334,289.9186035469639,291.4311571647876,0.7971686110325624,0.7011137260184005,Normal
2026-01-01 01:52:00,0.01500180690629823,10.055993725263964,1.2087006773068876,50.88310977714716,290.02045958769787,291.8992542330262,0.7969914025285918,0.6982090671498384,Normal
2026-01-01 01:53:00,0.015073897263374558,9.774902190540324,1.204956818879726,49.922162802987195,289.49890627210925,291.9967393423853,0.787905230645812,0.7039581978109591,Normal
2026-01-01 01:54:00,0.014994229171056566,10.489150395923366,1.2015041890514357,49.819520086409376,290.3704121727101,292.29939719478097,0.8038897872935219,0.7069285575581781,Normal
2026-01-01 01:55:00,0.015009046420270008,10.025844236395045,1.2036496100246623,53.19310756784486,289.7433932167642,292.33417024435903,0.8025147360894052,0.7073463754545932,Normal
2026-01-01 01:56:00,0.014998958646908842,10.02187895892098,1.2240341558523826,50.298752908365685,289.88570004233,291.6329131006108,0.7980573086802148,0.6901419619133217,Normal
2026-01-01 01:57:00,0.014964939658871414,10.145153324779738,1.199423812029664,49.248208949904814,289.50282531269573,292.04099777820676,0.7924420849984164,0.697158449020712,Normal
2026-01-01 01:58:00,0.01503428468443545,10.096201846347343,1.2020109904671497,49.57364240379446,288.71883317060235,292.22864020230764,0.8104870712641656,0.7119476286187694,Normal
2026-01-01 01:59:00,0.015022557990980602,10.044776804855827,1.2105065439600762,51.14844570919676,289.90448611869994,292.7279111610734,0.816554071130883,0.7089464718757387,Normal
2026-01-01 02:00:00,0.0158,9.841905108910938,1.2110552593295798,50.113270410537766,291.20630771080647,292.35225326991235,0.7951643851615346,0.6862714054851893,Spike
2026-01-01 02:01:00,0.014972718376356157,10.094293671427199,1.2118703030556037,48.561722021682634,290.392302143949,292.39452834368774,0.7938783308284518,0.703514799003522,Normal
2026-01-01 02:02:00,0.015042083829328083,10.376404899295007,1.2063873022202918,50.9192289345752,289.9903698101328,292.0419133139647,0.80491207665412,0.6802177475062519,Normal
2026-01-01 02:03:00,0.01495794446811623,10.269084009230996,1.188569950872695,49.33185591446101,289.8685545853959,292.70522957260175,0.7964197062025302,0.7004693490206036,Normal
2026-01-01 02:04:00,0.015017605712814007,10.31863732532788,1.2163343153230108,51.87329777621755,290.01123294640604,292.20488139797976,0.7986060279933677,0.7189776701674597,Normal
2026-01-01 02:05:00,0.0150657136687743,9.897756864713763,1.1885365460698132,51.08004806571465,290.2735595575876,291.56945604491324,0.8073965315172468,0.6905210728273101,Normal
2026-01-01 02:06:00,0.014970283910246079,9.802079035948283,1.2030263546523903,49.55267810434125,289.4095935923456,292.70168498506257,0.7809064391249271,0.6916567695450841,Normal
2026-01-01 02:07:00,0.014983011068111916,9.974842615980071,1.1924572414998065,51.28101636173511,290.55716084733444,292.34895163626953,0.8131830232485268,0.7076402978157286,Normal
2026-01-01 02:08:00,0.01500298954095263,10.011144982457738,1.19935861653407,50.0678555105274,290.35769065772064,291.77847798943577,0.8007268052432934,0.6845719848479035,Normal
2026-01-01 02:09:00,0.014984895730376514,10.21883830369419,1.2032876241030348,50.85277367512222,290.35909286285397,291.7602535163004,0.7958850685543782,0.6936724497011496,Normal
2026-01-01 02:10:00,0.014953480097068015,9.661507074057036,1.2032135721545028,50.48473281729447,290.2192378694049,292.14828777257037,0.7991076584577855,0.7059644113758174,Normal
2026-01-01 02:11:00,0.01500205688924418,10.305910063892123,1.2042192075423528,49.15364334500913,290.009808328847,292.2315923976338,0.7996242935502053,0.6936571415231059,Normal
2026-01-01 02:12:00,0.014968130888588217,9.968398420284203,1.2161371126905864,49.35645016768254,290.3364306179834,292.0986461328156,0.7826879869655508,0.6976403001278902,Normal
2026-01-01 02:13:00,0.015014207772919055,9.914623786010516,1.2045353430151398,51.02996081758116,290.2959070668707,292.15565433672145,0.8149493822745324,0.7074418571031503,Normal
2026-01-01 02:14:00,0.014972417272972985,9.797579124947967,1.1975584336470935,49.66522466789346,289.8229796445295,292.84997868728817,0.8004132563227062,0.7042154608353656,Normal
2026-01-01 02:15:00,0.015046498032150525,9.669028665626847,1.2096408716828835,49.596351536758,289.7131991135515,292.53577157611744,0.8044300213044738,0.7026681839629539,Normal
2026-01-01 02:16:00,0.014976502401229913,10.164634116792383,1.2118947048892463,49.04487742065065,290.050928147631,292.0953177956325,0.8095154977057405,0.6966087772072995,Normal
2026-01-01 02:17:00,0.01499033815451383,10.01466359343768,1.18772392184863,50.423599065593464,290.77451007574757,292.4706552903837,0.7897883754243971,0.7037006111526896,Normal
2026-01-01 02:18:00,0.01502440551652109,9.74200782005179,1.2059740006984985,52.062524919243145,289.38044646217304,291.4837380482362,0.8047347189903523,0.6987626731990024,Normal
2026-01-01 02:19:00,0.01496307407050698,9.740984245587276,1.207011727423109,48.93246708574573,289.2662373671238,292.1989635249734,0.7973235890910121,0.7045780560992578,Normal
2026-01-01 02:20:00,0.015006823798038124,9.932843060141975,1.1970243649664,50.02421945667276,290.0823804206183,292.90465317486655,0.808467707752165,0.6950306797488202,Normal
2026-01-01 02:21:00,0.015039214282628473,10.333804305057878,1.2137570681331162,51.41222055541543,290.025443850928,291.8909770523038,0.7787277257964851,0.6981743102562046,Normal
2026-01-01 02:22:00,0.014951775502963163,9.94808172972728,1.1984994441296748,49.920358608754285,290.0866708321852,291.57618303569046,0.7990090569975874,0.6901004220744799,Normal
2026-01-01 02:23:00,0.015005539015755968,9.69937140937638,1.2012557645347153,50.452371796249736,290.12197659895423,291.67395555570346,0.7939717934421604,0.6996499238999376,Normal
2026-01-01 02:24:00,0.015007796483827452,9.95085138718281,1.1982692817571612,48.93760647185312,289.8883988726826,291.4551834813288,0.8043226295063416,0.6918899913637115,Normal
2026-01-01 02:25:00,0.015023454686153319,9.945455286050466,1.2001557904758147,50.42830709720765,290.74493171930106,291.60761904593613,0.8047004418736821,0.68885953549838,Normal
2026-01-01 02:26:00,0.014962891478673657,9.460622671411686,1.189037249131048,49.81285573499545,289.19954801076176,291.814745950705,0.7929237410517798,0.7025866114785538,Normal
2026-01-01 02:27:00,0.01496038630160747,9.989141026696437,1.185599491174057,50.98572999567986,289.58575148760985,291.2972164904107,0.7928782613582396,0.7021273977585766,Normal
2026-01-01 02:28:00,0.015015658246968506,9.953813093958264,1.2159450506322498,51.18738605156475,289.94837261992546,292.0078091669748,0.7988933463144268,0.7078287373494857,Normal
2026-01-01 02:29:00,0.015008909540196996,10.139241272962684,1.1915303865168168,52.58956364201861,289.17840559442294,292.4511385868933,0.791033577726848,0.695688744304249,Normal
2026-01-01 02:30:00,0.015007514785510375,10.36979121898907,1.1900860765054369,50.57963317321357,289.912072797784,291.5461219099265,0.8084198369545214,0.7040805284683676,Normal
2026-01-01 02:31:00,0.015010393446284909,10.225313005909552,1.1784660988639628,50.325796316582164,290.830735082864,292.7596419618209,0.7963079279955256,0.7055079757227366,Normal
2026-01-01 02:32:00,0.014979599258352645,9.946222261889034,1.193610382523105,50.19438430157734,290.010443244148,292.2553960442638,0.7709301178067837,0.704447738078316,Normal
2026-01-01 02:33:00,0.01500696761091483,9.778694818251665,1.186769102065925,49.64683370718931,290.11535045285933,292.51529029281204,0.796251779433782,0.6917434631719785,Normal
2026-01-01 02:34:00,0.015008792174198959,10.514671960649972,1.2164201516013637,50.33848384346169,289.3699176174137,291.67108272307394,0.7896145617915603,0.7014936348227119,Normal
2026-01-01 02:35:00,0.014978569457459208,10.011843686802898,1.2100981708934262,49.70459858986097,289.6918192959803,292.4272626135333,0.7836872418453906,0.7036414029605466,Normal
2026-01-01 02:36:00,0.015055973235334343,10.00278585838259,1.1931184965482227,50.168460976269614,289.81240180983804,291.4540330498023,0.7876257336177743,0.7000717846690794,Normal
2026-01-01 02:37:00,0.015014214987627353,9.995174982578,1.222524358053443,51.31759753560796,289.84114245162186,292.44512375041825,0.8010940847183298,0.6791352234162891,Normal
2026-01-01 02:38:00,0.01496426089508392,10.03961695215357,1.209817654869916,48.99345743472036,290.6408218975019,292.0859196698968,0.8132864082824823,0.7016048962397348,Normal
2026-01-01 02:39:00,0.015019696608259015,9.971127917615211,1.1967516861649137,51.139878561129045,290.27884553036256,292.2766256099924,0.8031318447386498,0.7221253103939724,Normal
2026-01-01 02:40:00,0.01497075954989318,9.885267598623953,1.1750059428512643,51.31711506733986,289.4442710215315,291.4122026971876,0.7939349661178426,0.6963996073124301,Normal
2026-01-01 02:41:00,0.015023612538112272,9.890628211751922,1.2229094257259074,49.88193147300892,290.123252389216,291.5524650788617,0.804559041951707,0.6927192290214468,Normal
2026-01-01 02:42:00,0.015034757867370222,9.993449345956801,1.186104275332364,47.878145100991404,290.2491108742484,292.2986141091267,0.7954090968978101,0.7037334855971139,Normal
2026-01-01 02:43:00,0.014975379530449449,9.891315045773247,1.1835460125304311,49.39217801290557,290.57007451926063,291.5258259978879,0.7930539963083686,0.7031237821046656,Normal
2026-01-01 02:44:00,0.015028901283877329,9.857430843464567,1.2102257043200964,51.29699454656111,290.7902703432842,292.23160314604957,0.7884563733176702,0.7119273516541641,Normal
2026-01-01 02:45:00,0.015012383427808095,10.02128604553838,1.2243975240633926,49.97713193770112,289.49245290408606,291.31643109676986,0.7824817119324828,0.687421318440911,Normal
2026-01-01 02:46:00,0.015024661804799834,9.94900455651583,1.2138427281851052,49.00069776770509,289.59457124439484,292.42408710633333,0.7961007629344056,0.7073138025257499,Normal
2026-01-01 02:47:00,0.015056903789479617,10.300798597716538,1.2056390912005235,49.49522507877178,289.3712110705427,291.38373834261574,0.8015805348992013,0.7059042206125146,Normal
2026-01-01 02:48:00,0.014992638356519913,9.469806038321398,1.205947543416653,50.84062002650455,289.8829900704465,292.2761499688398,0.7990337632998511,0.6985785346305945,Normal
2026-01-01 02:49:00,0.014977387915069276,10.218301370384493,1.208534155587803,50.54673356820138,290.2331791872232,292.312815466823,0.7958403307205265,0.7033868731792169,Normal
2026-01-01 02:50:00,0.014973314567111234,10.249217038499525,1.2075892858978676,49.761067900830305,290.4936672582946,291.6516140907852,0.7905425393930322,0.7102945748159836,Normal
2026-01-01 02:51:00,0.014975525691451037,9.58532195351837,1.2028119142396938,49.63317558818531,289.9620244881787,292.2910132835424,0.8060824619168497,0.7087231538002845,Normal
2026-01-01 02:52:00,0.014997686948717576,9.93146248118393,1.2010420110395188,49.608241850956176,289.8400762383726,292.13022113166676,0.7868286808005341,0.6885698068792627,Normal
2026-01-01 02:53:00,0.015010234559244499,9.92571182680084,1.1993740687210048,49.0775898155015,290.07587899612435,291.7305790719036,0.8077602791384348,0.7082015818675548,Normal
2026-01-01 02:54:00,0.0150083007239799,9.718497661056436,1.1924603541113332,51.615375689469445,289.582428549185,291.4957226579619,0.7899778298107328,0.6993531139496748,Normal
2026-01-01 02:55:00,0.01502481549747108,9.844436662481826,1.1971932492313322,49.67767953078866,291.0447693608474,291.01868715416373,0.7924756476264697,0.7007287409801551,Normal
2026-01-01 02:56:00,0.015000390056756336,9.777884830906835,1.183070431858046,51.2171585208255,289.19616948644097,292.1748250236499,0.7853321480938433,0.7007319699100168,Normal
2026-01-01 02:57:00,0.015043606022314719,10.350454088684724,1.1990166037320524,51.521316051922454,290.09237028944784,291.21759861431894,0.7949859785311437,0.6984975701120174,Normal
2026-01-01 02:58:00,0.01499206029500286,10.187135678629492,1.1901140889284907,50.99831089814796,291.01180310961485,292.04767209972067,0.8097531245847799,0.7119170749710706,Normal
2026-01-01 02:59:00,0.015081605074997688,10.254311018998832,1.1889641068278423,49.568379687281954,290.00339992228,291.8682758919589,0.8051562808844396,0.6991628204015078,Normal
2026-01-01 03:00:00,0.01501877002043295,10.144334412808647,1.2017989415115347,50.40373009033661,289.90498048249924,292.3395713877191,0.8097842211202804,0.6888045387161683,Normal
2026-01-01 03:01:00,0.01497428527330751,9.774189645756554,1.213920022863446,49.97580439360908,289.8212772885948,291.8489772502551,0.8052214254593394,0.6960647014403026,Normal
2026-01-01 03:02:00,0.014967873225058166,9.895095946744044,1.2091831660600232,49.09629813926987,289.9098041591188,291.8352761068264,0.7889633017146963,0.7017869471681047,Normal
2026-01-01 03:03:00,0.015014474172457295,10.097874912245583,1.1842949939637681,50.324359281721605,290.68642423733826,292.36593535214416,0.7966921077567245,0.7122921478429705,Normal
2026-01-01 03:04:00,0.014993296116440223,9.755574438221611,1.1901037186342966,48.8209602088402,288.89406904433525,292.1675290145421,0.7921980087088254,0.7060309468494883,Normal
2026-01-01 03:05:00,0.015021420014822762,10.142599686034478,1.209407711879882,51.18767938846156,290.76671685064815,292.1580779785914,0.8133057490403904,0.6914946472125295,Normal
2026-01-01 03:06:00,0.015014197128737207,9.951934920368373,1.190175126064617,49.535382702701604,289.2880214237749,292.23463379490425,0.7880321135357369,0.7248518991667888,Normal
2026-01-01 03:07:00,0.014997815132620293,9.92503583849008,1.1977536685000296,50.20115965587284,289.8666738353828,291.23221393839646,0.8089369768938911,0.7026477531097798,Normal
2026-01-01 03:08:00,0.014974596188457947,10.142191993640699,1.2055005209902454,50.28328787154614,289.78537778985066,292.37839433999346,0.8089295387010877,0.7127539073799901,Normal
2026-01-01 03:09:00,0.014954554583259424,10.088852662297208,1.1903165554513635,49.74109502629592,290.29427663488536,292.3062343970068,0.8182962020171609,0.6984828556642276,Normal
2026-01-01 03:10:00,0.01498660455143799,9.927806766836184,1.2010537550614595,50.58669380147528,289.20093782405814,291.49165843571177,0.795903134073705,0.7053335924470544,Normal
2026-01-01 03:11:00,0.015025691963829704,10.231865960672849,1.1866597450508178,49.52509634337748,290.231086333041,291.8779597631629,0.8071232215958016,0.708394685045184,Normal
2026-01-01 03:12:00,0.015006422812323906,9.78378733448002,1.1939863235604877,50.87129729745725,291.0121548116434,291.9803463561862,0.8228165183653885,0.7121819471175426,Normal
2026-01-01 03:13:00,0.01496262783663864,10.123187121388852,1.2031978193414252,48.65402031975325,289.3184129977036,291.93275160779916,0.793823583230663,0.7105736830537822,Normal
2026-01-01 03:14:00,0.015005195427775534,10.118620251593677,1.1840700626646832,50.12637957954641,290.0948530838052,292.16692998328426,0.7846495975246764,0.7087219700007298,Normal
2026-01-01 03:15:00,0.015011559521391864,9.938090712137202,1.204404747379604,51.938928999058284,289.6690089111017,292.7156833909156,0.7811998996609224,0.6968491326880588,Normal
2026-01-01 03:16:00,0.014973484276913966,10.065226604448423,1.199803622010733,48.999668675394425,290.2129436030965,292.54088336383643,0.8071271202886133,0.6942825395804394,Normal
2026-01-01 03:17:00,0.015004611753178364,9.74977728472294,1.2055248995441714,49.32225502947515,290.00957388870785,291.3438904032843,0.7811684979194142,0.703326075103242,Normal
2026-01-01 03:18:00,0.01500174626155338,10.18480540384138,1.2022391413406466,50.513907849658914,289.67925654547787,292.311034995153,0.7962768094706208,0.7093312807234107,Normal
2026-01-01 03:19:00,0.014965710891065081,9.963019572711403,1.2136414042997383,50.179581781939596,290.24393614243553,292.6644666597677,0.8043731318703896,0.6977727929922339,Normal
2026-01-01 03:20:00,0.015010733620810448,9.895455395896192,1.201252245026479,50.35063009927356,290.90217405489335,292.1934042603446,0.8018517553682992,0.7106517196571438,Normal
2026-01-01 03:21:00,0.015016823535791047,10.209801845167378,1.1957059445887475,50.48918713014766,289.9045481041363,292.545490212593,0.8042544486418418,0.7145261674548617,Normal
2026-01-01 03:22:00,0.015032491537295257,9.859131261891449,1.2012229750303227,50.63472146856177,290.35987897107407,293.0061352228504,0.8022228985580085,0.6908367908092657,Normal
2026-01-01 03:23:00,0.015031614061561047,9.718307740727289,1.2054329802903638,51.10969984195622,289.3533635210644,292.51185477305347,0.812788658133134,0.6916307929620371,Normal
2026-01-01 03:24:00,0.014958669918961286,9.68867416529522,1.200488600703257,50.409818656928515,289.521781811591,292.1246542978209,0.7904768361926121,0.6985962494109466,Normal
2026-01-01 03:25:00,0.014971865248802545,10.121201990269128,1.2004059169120387,49.75874234538146,290.2362031389402,292.5225442370424,0.7932300486154147,0.7030761266818919,Normal
2026-01-01 03:26:00,0.01501545105801626,9.743914129500743,1.1929800831219324,50.67257370120273,290.74205801426797,292.0724439165484,0.7922734055472918,0.6947543298623294,Normal
2026-01-01 03:27:00,0.015015413578527365,10.350958836396874,1.1933709908244905,51.89988193489521,290.17780667439285,292.01195152164246,0.8083019181186262,0.7135220267886714,Normal
2026-01-01 03:28:00,0.015015451430589181,9.583614118423256,1.185973947282003,49.867366253617426,289.8434709847384,291.82429288214314,0.8090039858839507,0.7042406686151844,Normal
2026-01-01 03:29:00,0.01511558194471964,10.339291273658008,1.2174957674318694,49.02547069532936,289.9996457027117,292.78170667941606,0.8045122531931851,0.7003944704824073,Normal
2026-01-01 03:30:00,0.015017126715320794,10.042203493440523,1.187561367646087,51.10708066928697,289.37479613301514,291.590785667029,0.8118349366688993,0.6856409047613147,Normal
2026-01-01 03:31:00,0.015034066969205418,9.98065737762592,1.193070948022041,49.879618836046404,290.30225766317767,292.76618386233906,0.7882195913262362,0.6868418418357248,Normal
2026-01-01 03:32:00,0.015028620052904796,9.89101618263821,1.192815927344308,47.827330453985965,290.4411665311617,292.2499320618702,0.8166722411155114,0.702810092502818,Normal
2026-01-01 03:33:00,0.015019541737539173,10.079827222870414,1.2089492437694445,50.84742167715042,289.77395483358345,291.300346912599,0.8152323862171226,0.6786740437384516,Normal
2026-01-01 03:34:00,0.01499054192266079,9.99247305951503,1.1970505032170797,49.46467181404608,289.76497892612025,292.18382464649574,0.8073562199724575,0.7101263740964406,Normal
2026-01-01 03:35:00,0.015022769076614798,10.220660376403304,1.2124774207267373,49.90946671769584,290.132939114826,290.9499867461742,0.8178179890877106,0.6984184615562767,Normal
2026-01-01 03:36:00,0.014976815243563871,10.022845529732407,1.1932650937575613,50.33198033056902,289.7816401319797,292.31275400841554,0.7834337679232223,0.7324309296959473,Normal
2026-01-01 03:37:00,0.014992895441797799,10.030060352292375,1.202789941622238,50.190499679779066,289.96693369268706,292.4426157414945,0.7947555186373735,0.7230791625061611,Normal
2026-01-01 03:38:00,0.014985439093565126,9.927277557557229,1.1916465294674023,50.70945181713904,291.0498608945833,291.703822022174,0.7926469653931805,0.6981855093075248,Normal
2026-01-01 03:39:00,0.015002456224181589,9.988610875255787,1.221451491277734,49.56451362943016,289.876487149627,292.0617738479778,0.8072147932375735,0.6989366299746868,Normal
2026-01-01 03:40:00,0.015069439757000204,10.061560353778411,1.1881240158097048,50.513105798176085,289.8208299239894,292.97707871687516,0.7894985926039786,0.7099558151400203,Normal
2026-01-01 03:41:00,0.014943982044222247,9.657966321468674,1.2030982071022702,49.74045332241608,289.67622909718244,291.74712664786904,0.8075749514933749,0.7170317260991803,Normal
2026-01-01 03:42:00,0.015020587805711234,9.730362915578857,1.2063377688093209,50.7388104808875,290.37209598575,291.4705462064717,0.8137053614399672,0.6836197094256398,Normal
2026-01-01 03:43:00,0.01495161852386431,10.148652818804543,1.204137990974515,50.615367484013056,289.90938791339096,292.7408317012313,0.8069520290008401,0.6821362453464531,Normal
2026-01-01 03:44:00,0.014985842044026317,10.034173087625588,1.1981471234112229,49.06456129795541,289.6753134808393,292.9812935952654,0.8028375102366151,0.6937796519444561,Normal
2026-01-01 03:45:00,0.01503266851790902,9.963203332729464,1.1987017930026658,51.08598211617503,290.6606520161365,292.0018478359239,0.7901212665909926,0.7058273758317386,Normal
2026-01-01 03:46:00,0.015001928400572863,10.003686786613079,1.2004381147197911,49.46403655488595,290.7098015022568,292.5057315177042,0.7915314903387464,0.7049687359050759,Normal
2026-01-01 03:47:00,0.014967667656662121,10.069516341072335,1.198529979983715,50.80805779828115,289.6997882171307,292.6707379577654,0.8124961890529667,0.7106977145498384,Normal
2026-01-01 03:48:00,0.0149785408887222,9.892048063938129,1.2096387911679491,50.36728731340134,289.06673002431967,291.6287578837308,0.8077934900390533,0.6880030247163469,Normal
2026-01-01 03:49:00,0.01502038793246804,9.844339054919537,1.2221052300159134,51.838183676795126,290.5037568449185,291.7573470823161,0.7996098048062246,0.6768385613703112,Normal
2026-01-01 03:50:00,0.014978089001048486,10.039169051019536,1.1944250821499216,49.77653401762815,289.65768508712,292.61543725657737,0.7958209045423411,0.7085801419530214,Normal
2026-01-01 03:51:00,0.015006493757687459,9.804325444476994,1.1863019702042092,49.650683203881805,290.3953127995814,292.84250713935427,0.7797419212688863,0.6917180372703476,Normal
2026-01-01 03:52:00,0.015001367155197114,10.081650551142895,1.1991171795164874,49.980580394112266,289.0149480911441,292.2814404300872,0.7892914758131556,0.6798151213561135,Normal
2026-01-01 03:53:00,0.014980451989571824,9.659483279152433,1.2257970933765432,49.69682021716572,290.44629866914966,291.56009282324897,0.8191141908713973,0.7014506374595938,Normal
2026-01-01 03:54:00,0.01506431832267976,10.205831127465128,1.1919632543203027,50.79994190194205,289.3944140353596,292.9935305558497,0.7871954442899753,0.7079317568821867,Normal
2026-01-01 03:55:00,0.01501901757066954,10.094519496482608,1.2163911680544406,48.383689391563415,290.36538205953326,291.73451455109404,0.8018947982122109,0.6987794286787872,Normal
2026-01-01 03:56:00,0.014939245722400272,10.051205946862774,1.2167770081407643,48.946317580853645,290.00713653391824,291.8324311094143,0.810074439731952,0.695421516138175,Normal
2026-01-01 03:57:00,0.015005593629443082,10.196538196789103,1.19446411758292,48.932197078420806,289.5230302903017,292.1711689172448,0.7874507733199771,0.6984063776785409,Normal
2026-01-01 03:58:00,0.014980146406056948,10.333094888892516,1.2056898307918527,50.950307591973576,289.7964818435366,292.7770802103574,0.8018471047478108,0.6962941723759921,Normal
2026-01-01 03:59:00,0.015025573000043885,10.202874013003626,1.2162839662312854,51.710613372581925,290.3431592284783,292.4269879882761,0.8093791553751066,0.6865195288805983,Normal
2026-01-01 04:00:00,0.014976224377847019,9.63182515373367,1.196208722590125,49.895550781462525,290.0529472265576,292.20743275018094,0.8001249932190726,0.6928531932300956,Normal
2026-01-01 04:01:00,0.014996557906755992,9.74408460665286,1.1979641963989764,49.831178276809986,290.29220649023625,292.23164426505906,0.8286840305566677,0.7052127990501381,Normal
2026-01-01 04:02:00,0.015015149618369413,9.875036284460863,1.1941831908605136,50.07005216311318,290.9882202922577,292.0217573343217,0.783314007411218,0.703216785413765,Normal
2026-01-01 04:03:00,0.015025972655825103,10.005218210042166,1.1898524326930713,51.16187830260819,289.2178791941445,292.27906975725926,0.8105872852988388,0.7016805980596682,Normal
2026-01-01 04:04:00,0.014963991107788326,10.103531804093825,1.1935072245493399,49.072646865809425,290.80860628748434,290.73521996115284,0.7982719826260354,0.6900485151814661,Normal
2026-01-01 04:05:00,0.014989964962924771,9.854851237369306,1.1877605973323775,50.238368982734784,290.0521779687616,291.8516962704651,0.8077192015483668,0.6981849683786433,Normal
2026-01-01 04:06:00,0.01498575164066517,10.037353352895416,1.2003408346825921,50.97519762978243,289.55060797583843,292.1206609674584,0.8044130715169925,0.6782293495355715,Normal
2026-01-01 04:07:00,0.014980400123022788,9.848923413529336,1.1923002676894134,50.50109416993985,289.3348431871305,291.4244929581902,0.7926684380289001,0.7017847666388538,Normal
2026-01-01 04:08:00,0.015052963627208432,9.87769643940161,1.2023378591179075,50.189581616598744,289.9054398046115,292.1931616589058,0.8022899639245934,0.7142885770781356,Normal
2026-01-01 04:09:00,0.015012149451328827,9.718667780630355,1.1844410435379638,51.001046092567144,290.46082505596223,291.89776438950696,0.7814209854860171,0.6852586786795789,Normal
2026-01-01 04:10:00,0.014962173481369948,9.81535335077782,1.2033088023221445,47.29676770700076,289.9362254398112,292.87773784915777,0.806032475005714,0.6941407232668224,Normal
2026-01-01 04:11:00,0.015027535858411642,9.729663078876733,1.2083352896160893,50.677875319530905,290.7555774651237,292.78650986260743,0.8029815846599053,0.7032910677871013,Normal
2026-01-01 04:12:00,0.015063664685910378,9.804825349404533,1.1800626435742854,49.345924316872576,289.27441215497424,291.7670972154409,0.8063866016864311,0.7125284263442748,Normal
2026-01-01 04:13:00,0.015030973957816534,10.210728359321568,1.2037405656984757,48.16936710314354,289.99395552607695,291.92458114421663,0.8105811832508716,0.6955177538369984,Normal
2026-01-01 04:14:00,0.01495441890102138,9.81012022223361,1.2122766899247328,50.51120259952498,289.37380327779346,291.9630262171958,0.8036761984020971,0.693077496707341,Normal
2026-01-01 04:15:00,0.014985472977814012,10.526476412967478,1.1879035898130879,51.37365854516296,290.1818159413125,291.7741702619202,0.8014808941979829,0.6803107685758392,Normal
2026-01-01 04:16:00,0.015038007334475597,10.098663580176177,1.216725723868377,49.86255148537231,290.44344369504864,292.09751249201406,0.7911893166333871,0.701034381293081,Normal
2026-01-01 04:17:00,0.014978769916031436,10.036967224738975,1.2041901900936605,50.95287454720294,289.78961910315945,291.6208589655562,0.7928777923635095,0.7204207604014374,Normal
2026-01-01 04:18:00,0.015013314582844387,9.828328443963757,1.1929498814424158,51.61227825798865,288.69789307168645,291.43469233253126,0.8118673462017734,0.7027735846196467,Normal
2026-01-01 04:19:00,0.01502323902160288,10.140061975881798,1.199442309223423,51.314914453584045,290.09947407339826,292.31135561195015,0.8143633540570598,0.6997772102081629,Normal
2026-01-01 04:20:00,0.014972192085852657,9.884872434752445,1.205583269125217,51.63996452937139,290.21836927586673,292.3147647921109,0.7976188956368795,0.7032208231076698,Normal
2026-01-01 04:21:00,0.014998214239318146,10.024401962929073,1.200760053914124,50.74212749107189,290.20214737748086,291.59784212017,0.8004600274725328,0.699889079960514,Normal
2026-01-01 04:22:00,0.014902761979797927,10.51201690765376,1.2053875599244637,50.07543363890159,290.6178910959111,292.4476777153813,0.7909538562500624,0.6918698562773986,Normal
2026-01-01 04:23:00,0.01496926837075997,9.98078802005507,1.1907932640692063,48.398034188102834,289.4644731601755,291.68421113541734,0.8117275684526745,0.7082327991567771,Normal
2026-01-01 04:24:00,0.014992422955458204,10.229854665257136,1.2016936082403606,49.75393751187005,290.3401080527252,292.126582619019,0.8066541682369178,0.7022576152311175,Normal
2026-01-01 04:25:00,0.014962566504541055,9.859364714974822,1.1858628550309502,49.156753404683805,290.596253756239,292.41017200630625,0.8194121743646375,0.7001761325193365,Normal
2026-01-01 04:26:00,0.015048972339117948,9.993002301900608,1.198887739386513,52.170942717497816,289.1107062079967,291.98319371764813,0.7912167692282026,0.6902463397272175,Normal
2026-01-01 04:27:00,0.01495709575866118,10.354160127127102,1.190960923585352,49.824114187567666,290.1598259129595,292.22737045607056,0.7962199210098179,0.7130350793193475,Normal
2026-01-01 04:28:00,0.014986798665399089,9.874606588442447,1.1926447005741023,50.123204806784486,289.74791008449614,291.7417851780562,0.8023144592252558,0.7066470274533311,Normal
2026-01-01 04:29:00,0.015003922217318583,10.362489711599386,1.2123609317521042,50.55148537604047,289.9592386634492,291.90176670828595,0.8064648953772577,0.694470791626327,Normal
2026-01-01 04:30:00,0.015043238198671982,10.141550387091096,1.2109131012059426,50.043602446372454,290.17383824176915,291.89707028455985,0.7978433236245237,0.7100182485368193,Normal
2026-01-01 04:31:00,0.014956924135464617,9.887506644821146,1.2060913812090717,51.695051040430755,289.7563857179432,291.6267108267299,0.791270389095463,0.6950242916161479,Normal
2026-01-01 04:32:00,0.015034894912564649,10.126481547811105,1.189076872353274,49.37735063826555,289.6621459604192,291.91161291844213,0.8088140752892358,0.6921799650748895,Normal
2026-01-01 04:33:00,0.015000306991830588,10.194510889925345,1.196835915503052,50.19460745523724,290.017076208744,291.2256908505681,0.8072113536254558,0.6924029688251971,Normal
2026-01-01 04:34:00,0.01497055474046856,10.12436199244344,1.2121309769997919,49.25752941430195,289.4563770305686,291.75442312642895,0.7908372589943627,0.682289314469119,Normal
2026-01-01 04:35:00,0.015013863104227898,9.685955056021909,1.201417169136399,48.67997748877929,289.4570874355574,291.85756225331517,0.813554428011055,0.7047154238041821,Normal
2026-01-01 04:36:00,0.015005971790867203,9.854572564835026,1.2231932953998168,49.388230909094716,290.33968664147824,291.8719101237523,0.8117019870919661,0.6816885512166164,Normal
2026-01-01 04:37:00,0.014981993493685236,9.9504962728897,1.2039331783939438,49.962963202951585,289.4256029824207,291.8792512770646,0.8013429649724779,0.6877155616873424,Normal
2026-01-01 04:38:00,0.0150020940625497,9.98511331417999,1.2019204911649002,49.57069777548274,290.3331562504546,291.96911790006993,0.8007959786237604,0.6792441199092146,Normal
2026-01-01 04:39:00,0.014988440592094147,10.124134419510135,1.1969088353579749,49.30757902012614,290.231295646427,292.23972075904305,0.8055405777111592,0.699139303072091,Normal
2026-01-01 04:40:00,0.015003405520357537,10.03554020018665,1.2013354090478228,48.59368253632817,289.1370966356047,292.43725853706627,0.7913829692974375,0.6984967953972813,Normal
2026-01-01 04:41:00,0.01501986392023563,9.73293112825798,1.1984753016361944,49.916894427371304,289.6612176738322,291.6751173865759,0.8003003147916409,0.6967330378681363,Normal
2026-01-01 04:42:00,0.01504758050448436,10.076039570201193,1.207081086766886,48.495279625969,290.5970547015237,291.39839957230544,0.7784761645539082,0.6895742230532942,Normal
2026-01-01 04:43:00,0.014962865535035194,10.122117149056765,1.2095670231679458,50.7600559636896,289.50941723443015,291.47897779387847,0.8087645564550294,0.6882776624656336,Normal
2026-01-01 04:44:00,0.015063991001239688,10.111958089586208,1.1921401053949205,50.082439752934505,289.7677978688453,291.75639853940254,0.7843850677755815,0.7046436986354657,Normal
2026-01-01 04:45:00,0.014941437366014325,10.216156145110924,1.1866876704644223,48.542448500535066,290.23103044662594,291.82403934109175,0.81503419828429,0.6944944806829151,Normal
2026-01-01 04:46:00,0.014995446447148932,10.16678443090978,1.181637946268967,49.690790922950136,290.3916952546413,291.6150019669013,0.7966987990603356,0.7031635832153614,Normal
2026-01-01 04:47:00,0.015017649516194536,10.091836015845688,1.2050799132691254,49.24784359440942,289.87423055697775,291.35194166787505,0.7978833301806882,0.6911475131387578,Normal
2026-01-01 04:48:00,0.01500842975603205,9.98596685770827,1.1889663339382612,50.31917451041918,289.7012449026542,291.77193958626293,0.793722660939155,0.7018106274277108,Normal
2026-01-01 04:49:00,0.014981319014405381,9.667807813296802,1.1784710940704752,51.34045044602315,290.71118493084924,292.09071331005697,0.7971196112607792,0.7130327803731606,Normal
2026-01-01 04:50:00,0.014993756332489281,10.085923643826517,1.2038857860453096,48.12482753035425,290.8694498318988,292.29751473291776,0.8141853134514804,0.7058616580039277,Normal
2026-01-01 04:51:00,0.014985209971960234,10.041537537432623,1.2249299951743278,50.11502607914742,290.4894290253909,291.72128847344584,0.7751219134346492,0.6958758618178351,Normal
2026-01-01 04:52:00,0.014982319057291672,10.054315767439075,1.199939290884601,49.83986720443336,290.0426590712825,291.7935010889283,0.812769653860882,0.7025719897035593,Normal
2026-01-01 04:53:00,0.01502548806291063,9.744650284835938,1.2083849077445163,50.67134007645046,289.5958671391795,291.53665084557633,0.8033802348110172,0.6975933482546979,Normal
2026-01-01 04:54:00,0.015010710464578952,9.783788691918348,1.2008182935854756,50.21319662823769,289.5847777967217,291.9842804148126,0.7879297835214278,0.7000788018469473,Normal
2026-01-01 04:55:00,0.014979212712142179,10.21063057066658,1.1990111034680886,49.24803066826118,290.26125705263286,291.5757856829046,0.7892468760695077,0.696743889478515,Normal
2026-01-01 04:56:00,0.015026987996262998,9.99208896922867,1.2091907648298776,49.680946064333384,290.20919911044433,292.2865639066206,0.816763930272082,0.698356647941146,Normal
2026-01-01 04:57:00,0.015009218985626297,10.136300139474525,1.1970972545581133,49.20397414319651,290.70079929647324,291.1070667540329,0.7905449312005728,0.7021209335307417,Normal
2026-01-01 04:58:00,0.015024385863565169,10.005663675226092,1.202673923140719,51.0760071385986,290.3252250462681,291.8201851637738,0.7884664948940404,0.6900664130041805,Normal
2026-01-01 04:59:00,0.015018888865257709,10.00595122789915,1.2032169780619602,50.02131164867194,289.2484598491201,292.15055366959587,0.8113731454236474,0.6898412117301002,Normal
2026-01-01 05:00:00,0.0162,10.1876567611952,1.1933190954635695,51.90119068575301,290.52597380886147,292.09191725816123,0.8033855287628592,0.6861145744616879,Spike
2026-01-01 05:01:00,0.01498319456879409,9.896791054356525,1.209920423495365,49.93933918618538,289.5009696863428,293.34651683199024,0.790620744234636,0.6839972889549628,Normal
2026-01-01 05:02:00,0.015022418808153698,10.019224155388196,1.1982504024330458,49.291593233089536,289.80801436402385,292.17490001228396,0.8021662497540463,0.6878271730777952,Normal
2026-01-01 05:03:00,0.015018311107963003,9.907544942258992,1.1924425484050716,48.486285607387174,290.1251001031259,291.497972701579,0.7897424731635972,0.7015946250680413,Normal
2026-01-01 05:04:00,0.014999372952181076,9.913100754513536,1.205365098435704,48.196860323744055,290.997833744892,291.95226787645544,0.8110082139842261,0.6910721248450811,Normal
2026-01-01 05:05:00,0.015003519821499263,9.938165575306272,1.1910153201820897,48.41586405699451,291.5549592780027,291.11187683326676,0.8106137096487314,0.7051361446423109,Normal
2026-01-01 05:06:00,0.015038329946873652,10.044426754326743,1.2002818115736913,50.26712665101148,290.30336152956806,291.9597001253516,0.8053200619882195,0.7003471374875255,Normal
2026-01-01 05:07:00,0.014982252858334924,9.904250275667305,1.199908810033558,50.508725023229935,289.9084016906398,291.58347197149965,0.8036166106124703,0.6803149578656195,Normal
2026-01-01 05:08:00,0.0150164129214351,10.251151225114704,1.2108589556583158,48.41880929796787,290.2672528242403,292.4576951377801,0.8176118812486738,0.7065497558422169,Normal
2026-01-01 05:09:00,0.014993934220426983,9.8210785395561,1.2047469823287995,50.89503831407612,290.4438277129369,291.72522986270224,0.7999968632738823,0.7081079864559171,Normal
2026-01-01 05:10:00,0.014993469563903183,9.962625671167729,1.1997497304125486,49.51693894831656,289.8396661872214,291.9416170421024,0.788181258745792,0.6900613732516514,Normal
2026-01-01 05:11:00,0.015032963305559616,9.912053788345165,1.208177662992003,50.14679301198555,290.89760567795616,291.6822210792978,0.8044947391283231,0.7042019154289498,Normal
2026-01-01 05:12:00,0.015024762490469641,10.289395576870746,1.213902075490173,51.61222062825542,290.1150353795957,292.86942567592666,0.8208604704953711,0.691435017625908,Normal
2026-01-01 05:13:00,0.015024405289080018,10.039310955302314,1.2055781030635186,50.896839315865535,290.2488715445457,291.839378616941,0.7898524050681415,0.7009767037674833,Normal
2026-01-01 05:14:00,0.01503916436421463,10.206368907893728,1.2001035261984339,49.731469352094166,290.3329621260272,292.9162785217396,0.7963853723330602,0.6873550159304503,Normal
2026-01-01 05:15:00,0.015000630115248981,9.702887925392606,1.1868816376764983,49.10880777458471,290.2107933053072,292.40707588105914,0.8041644603810145,0.6820689354746542,Normal
2026-01-01 05:16:00,0.015020458589138848,10.053410053173852,1.1893488633692462,47.8481845986707,290.4194702502348,292.24103336366767,0.7994609515099427,0.6961718281038702,Normal
2026-01-01 05:17:00,0.014990691997302196,10.177926159124688,1.1969477529564532,49.28084668075758,289.69137340672654,292.18436657365874,0.7901769641962268,0.6987627105372516,Normal
2026-01-01 05:18:00,0.015009724990574652,10.016456797855085,1.1939048779784072,49.78886976117231,289.720849123027,292.1968986491081,0.8112185785623047,0.6960232030638539,Normal
2026-01-01 05:19:00,0.014996095708368969,10.21309607501307,1.1981302869701456,49.012820472848816,289.44992288351415,291.0361637103272,0.8232004072201726,0.6881596944177744,Normal
2026-01-01 05:20:00,0.015002909878949781,9.896542309979926,1.200566499248971,49.868743032907695,290.2197506153101,291.86055830292463,0.8019613145902391,0.6960010093786886,Normal
2026-01-01 05:21:00,0.015017854710763107,10.281869488037117,1.2052969275435672,50.07685188295877,290.38946825175606,292.42257898559217,0.79095931710264,0.7026929475258072,Normal
2026-01-01 05:22:00,0.014975453379502995,10.45977962472385,1.199295012219409,49.775144018191924,290.22888643307596,291.97555140826296,0.7845103947494653,0.6995510696987746,Normal
2026-01-01 05:23:00,0.015062771618270564,9.927432287912069,1.204865016438262,49.34999741917654,290.83724621667375,291.29740507659824,0.8025797598122119,0.7018250103059921,Normal
2026-01-01 05:24:00,0.014969819478555009,9.910899495719846,1.2006447441481012,50.16865467196673,289.9972019905855,291.9737977747113,0.8110387734331627,0.6932988479954576,Normal
2026-01-01 05:25:00,0.014963574341616367,10.290676895423541,1.1802453343364612,50.44194064956941,290.33437082779625,292.85205275812774,0.8047516774649539,0.7117171791471616,Normal
2026-01-01 05:26:00,0.015034743326205002,10.315914429146142,1.1906066460618123,48.90960092255715,289.45414956193036,292.62344585776736,0.7999759615908115,0.6882382666344522,Normal
2026-01-01 05:27:00,0.015023749880818888,9.895427994569346,1.1985591244427838,51.41093237974627,289.8064501487628,291.968997995317,0.794107283482107,0.7048756029708672,Normal
2026-01-01 05:28:00,0.015018723594511564,9.91596263658083,1.1879030525715888,49.90141186771574,290.3477688787829,292.475724638529,0.7890783636728191,0.7118189109295996,Normal
2026-01-01 05:29:00,0.015018850365277928,9.943643078227899,1.205999287299962,50.01884962294485,290.4245510553716,291.81674648981596,0.8083475132632488,0.704809080927489,Normal
2026-01-01 05:30:00,0.014999632596814591,9.731109897793145,1.215307508323437,50.70821442325656,289.8530165261679,291.14806420658664,0.8091377162138559,0.6979747577293517,Normal
2026-01-01 05:31:00,0.014973082368855424,9.816269610703161,1.212187618516973,50.233216131263504,289.96420037407097,291.5377670059352,0.7845427021330927,0.6947170295333701,Normal
2026-01-01 05:32:00,0.015002274136745812,9.799171846649587,1.1978655712906978,50.953136633913246,289.2410631266596,292.7814443842541,0.8158983897818068,0.7103608765104625,Normal
2026-01-01 05:33:00,0.014979685148654637,9.846440486979175,1.2149072613684995,50.287124165201824,289.82148539959667,291.86300345908535,0.8057407122089401,0.6857702507473832,Normal
2026-01-01 05:34:00,0.015029253592002531,9.993063022522644,1.201486674572021,49.387562625359564,290.4451915817599,291.8783080103125,0.813995946451458,0.6902987573962035,Normal
2026-01-01 05:35:00,0.014995588278554935,10.046842946507304,1.1966291402888196,50.3615035252061,290.2876025080533,291.85008090186255,0.7865787225151489,0.6960244223450828,Normal
2026-01-01 05:36:00,0.014975235084096225,10.310100098562815,1.1938659733645907,48.85627379267934,290.2503328606906,292.9520682947865,0.7863417584458456,0.71237653757512,Normal
2026-01-01 05:37:00,0.014990358424750409,9.800329191852242,1.1969753031351187,50.10855970577652,290.0248868435905,292.812979457681,0.798510306902327,0.7037976763604089,Normal
2026-01-01 05:38:00,0.015012387943628268,10.196864479695316,1.1961182318145878,49.96677000935554,290.0035315793141,293.10939011672406,0.805027844268952,0.6903195424148975,Normal
2026-01-01 05:39:00,0.01498308826341588,9.957202231154898,1.2017041622237548,49.79188314272746,289.66983943026327,291.9204773948,0.8179636082292697,0.6968969229461509,Normal
2026-01-01 05:40:00,0.014975333388133007,9.990107258069514,1.2016057398104987,49.87146248856107,290.34941421010126,292.14781224437354,0.8070607891381514,0.693856768559037,Normal
2026-01-01 05:41:00,0.015007310616344758,10.134963898433321,1.2000304602015341,48.11815095450236,290.2104864721947,291.2416787252896,0.7975731872318798,0.6929021100776646,Normal
2026-01-01 05:42:00,0.015007348997133262,9.775455595687541,1.2043693816974634,49.45127509225904,290.2460094239964,292.73846721305915,0.7897363079233412,0.7097888955855678,Normal
2026-01-01 05:43:00,0.014984791704738865,10.07648194923681,1.2119064627478633,50.09284490114111,289.7369825786662,291.41611022436604,0.8123000057271915,0.6862825687073649,Normal
2026-01-01 05:44:00,0.01498586885083145,10.033290441642611,1.2094955413544133,50.1598563919974,288.9233285400644,292.10838778188133,0.7903529457424929,0.7160878085573437,Normal
2026-01-01 05:45:00,0.015006961498120728,10.09849025280163,1.185151020315501,48.97232485907404,290.54857635587683,291.4513487361836,0.8162846855477233,0.7082822969018462,Normal
2026-01-01 05:46:00,0.014956557469755079,10.057833728781564,1.1744607886509804,51.2657078408647,289.7605812719958,291.70556658663065,0.797156153503935,0.7109086167060369,Normal
2026-01-01 05:47:00,0.014957776086768702,10.49106002798218,1.2093431991123926,49.1338251517855,289.56861211797843,291.58136878447516,0.8159058207261786,0.6953706048797473,Normal
2026-01-01 05:48:00,0.014978446673362426,9.872452003149737,1.1863312130158457,50.96945720052673,290.346739455957,291.6960623696621,0.8067893129005929,0.6985005928092088,Normal
2026-01-01 05:49:00,0.014993596585448644,9.893800608999637,1.197752345981073,50.427194361871685,289.80399368004043,291.7304386484255,0.7986300451055754,0.6856684818547528,Normal
2026-01-01 05:50:00,0.01500932722696794,9.875371894715046,1.1882988697394063,49.3537726901562,290.5299681920233,291.72586560253745,0.7948060362817387,0.694753375929332,Normal
2026-01-01 05:51:00,0.015044260686508486,9.888904576167949,1.1819801956241998,51.77531089260951,290.3085029747883,292.41666695589015,0.7965909212265393,0.7049365484764315,Normal
2026-01-01 05:52:00,0.01502572978869606,9.872522574538696,1.2054146272820478,48.80636316824352,290.34178466160023,291.44756860346877,0.8042831669237525,0.7129606306178139,Normal
2026-01-01 05:53:00,0.014995201844101096,10.23780330622151,1.2075915516030264,50.91915417361,289.31702214439974,292.1102707135069,0.8007715649621772,0.6889284318319754,Normal
2026-01-01 05:54:00,0.01499942951376292,10.284100849597971,1.1942348959927327,51.00058231804298,290.6059719926932,292.60897957615276,0.794061885919313,0.6963449406301473,Normal
2026-01-01 05:55:00,0.014969924119060864,9.885850741250104,1.1740895770785509,49.329379790923355,290.1306252656169,291.7434018177433,0.7983436858968237,0.6984870077976747,Normal
2026-01-01 05:56:00,0.014999444605920228,9.833528885379154,1.194537555517475,51.39246530006433,289.8153614303769,291.6410405546262,0.8007857702971916,0.6860421079780751,Normal
2026-01-01 05:57:00,0.014991340240832395,10.094283111277282,1.2039180400540255,49.74995348540105,290.0716942336711,291.8847376874099,0.778712659055852,0.7059134924175839,Normal
2026-01-01 05:58:00,0.015009681556810142,9.889555391143805,1.1852108843122586,50.288693629279855,289.11188238355084,292.5898626041804,0.8045816811478871,0.6927600966825739,Normal
2026-01-01 05:59:00,0.01497518307169343,10.126586363551102,1.2018335991977915,50.26032183877122,290.20432640574035,292.09705381547667,0.7902027877528319,0.6980460964882297,Normal
2026-01-01 06:00:00,0.015015580395427235,10.04058460417026,1.19984690150827,49.86569125852945,289.48531424590897,291.7343928526962,0.7884666759679426,0.6954805062808812,Normal
2026-01-01 06:01:00,0.015045982167390077,9.696851177000553,1.205792914996011,50.81080827315978,289.32366485707826,292.241938325594,0.783126556528893,0.6921066149428032,Normal
2026-01-01 06:02:00,0.014996737195546294,10.309501040266012,1.2011958036841415,50.79348872055221,289.2388204068911,291.4488539250818,0.7820610750213212,0.6999295501451944,Normal
2026-01-01 06:03:00,0.015012051351662968,10.359175534619105,1.1902693105911843,48.25146802676182,290.556344187495,292.34067975522146,0.7864455249688771,0.6978439042143197,Normal
2026-01-01 06:04:00,0.015020704319751332,9.877442261903123,1.211965715016645,51.304340242878155,289.6853683031536,292.2043036538509,0.7929097904236951,0.6962814211772133,Normal
2026-01-01 06:05:00,0.014987963385843425,9.922459688012804,1.1984147042697302,48.337508011964324,290.7668638549583,291.8460957644306,0.8195325913752657,0.6927153837831965,Normal
2026-01-01 06:06:00,0.015006722774454312,10.05717307814498,1.1997269546049005,51.03254620434166,289.73209926847386,291.5807071007764,0.794741203241048,0.7031952467078295,Normal
2026-01-01 06:07:00,0.015000377772023453,10.066891357997404,1.190667320409268,51.12670513682758,289.1463210212035,291.5566595388583,0.8017775010626803,0.7165361726849228,Normal
2026-01-01 06:08:00,0.015002930282956465,10.131708854534565,1.195567177488085,48.9090335697848,289.4417377800257,292.26740866817295,0.8040048138650633,0.7013988723283913,Normal
2026-01-01 06:09:00,0.014976809706484335,10.40204090775327,1.1911519728597308,49.58918571204541,290.6179058100035,292.61449025124455,0.8013106518621586,0.7099611821491112,Normal
2026-01-01 06:10:00,0.015000735305227768,9.96461055450119,1.1982705394007658,48.894295331514066,289.92205091103165,291.6813461264856,0.7992255653927401,0.6860977807484653,Normal
2026-01-01 06:11:00,0.015014939948737363,9.840340551092309,1.2171170848014234,49.785078969711265,289.7258563517547,292.22919335177573,0.7880470623640076,0.7015776143929376,Normal
2026-01-01 06:12:00,0.01504353430823385,9.724136154397094,1.1862809885706864,49.691965715814256,290.0800091129264,290.956486490699,0.8145092754827922,0.6890263168102893,Normal
2026-01-01 06:13:00,0.015028778124782555,9.853813992011617,1.1838643860212326,50.77966053226934,290.2508913680838,291.7076911346714,0.8180719664363789,0.685230750724681,Normal
2026-01-01 06:14:00,0.015064595473725345,9.99337460542524,1.214711703274936,51.31030874611961,290.5586994079512,291.98447053356455,0.7831734130587732,0.6926062859254096,Normal
2026-01-01 06:15:00,0.014976979573113358,10.358911572703558,1.1979067632284812,51.395683810789954,290.7242496149465,291.5451582915091,0.7897597140911362,0.7119189933441357,Normal
2026-01-01 06:16:00,0.01502616961910162,9.896477740192765,1.1933092726134007,49.437831973421694,289.82011567710543,291.5317468126052,0.79720189657623,0.7095001582866964,Normal
2026-01-01 06:17:00,0.01500550026017215,10.04475759032778,1.2103990468739607,49.790778126255475,289.336976156959,291.66611022176556,0.7903546220508981,0.7024300472205439,Normal
2026-01-01 06:18:00,0.01506569408799653,9.99671542078545,1.1939438446026314,48.31656180777905,289.79326741943834,292.1460963641632,0.8050596555345587,0.6846729944011006,Normal
2026-01-01 06:19:00,0.014975751051439345,10.237678654689617,1.2182600971354693,49.19412993350381,290.1301402532914,291.90633549079683,0.7927172779759339,0.6980371934861206,Normal
2026-01-01 06:20:00,0.014974808344734577,10.505386485174725,1.2067792587133928,50.96485163309746,289.5181205368947,290.8808843833375,0.8216505606780661,0.7030170000890174,Normal
2026-01-01 06:21:00,0.014982018220636679,9.893826245415935,1.195120885918543,51.61558282354823,289.5214245425525,290.93964992368245,0.811905485943436,0.701755362295786,Normal
2026-01-01 06:22:00,0.014936283128270705,9.902112111496356,1.221573082132655,48.765651128120076,290.17189394077496,291.6965674110714,0.8021257403063222,0.6815620641651925,Normal
2026-01-01 06:23:00,0.014984227349349576,10.208832175413814,1.1939428507699665,49.40753574084711,289.97567382421477,292.2288432930268,0.8102698626331973,0.6910968215198012,Normal
2026-01-01 06:24:00,0.014977226020153389,10.136378297925262,1.207420953720093,49.97359424304107,290.0163984977058,290.6262475786374,0.8110590042435731,0.6993592223585128,Normal
2026-01-01 06:25:00,0.015004511813594286,10.369341465147206,1.2029929258040648,50.28016115881961,289.62075233264994,291.7501349119242,0.7943605251194176,0.7053629090951719,Normal
2026-01-01 06:26:00,0.015010252679273315,10.116785637065194,1.213017412893988,49.190396480078356,289.8847996428971,291.7368760717413,0.7918378275545804,0.6780387217890005,Normal
2026-01-01 06:27:00,0.015056285125176476,9.928141581842588,1.2156151119672685,50.42406104446409,289.53788342786584,292.6941688891042,0.8007814306296965,0.6983787602452014,Normal
2026-01-01 06:28:00,0.01502851271514558,10.118130966138462,1.2003200414906576,49.526160652929086,290.44509920556237,291.8074890941436,0.8086163612449795,0.7014304876987895,Normal
2026-01-01 06:29:00,0.014982692890330128,10.221740716116582,1.1924658212965382,49.98554772912172,290.5176246673619,292.19149449237045,0.8013906039865342,0.708496119885162,Normal
2026-01-01 06:30:00,0.014973047559859549,10.164096436239474,1.204599721429391,50.5462842480037,289.07690606888093,292.0706285700437,0.7842300351780901,0.7069285758423743,Normal
2026-01-01 06:31:00,0.015014757575145195,10.10145480622146,1.193222846302479,50.00642226981094,289.5352445699038,290.9347167600964,0.7919717555604916,0.705825713188088,Normal
2026-01-01 06:32:00,0.014960393003789381,10.21333493791783,1.2201338724752662,49.563614109473434,289.25173537245496,292.38410360831585,0.7992602713640563,0.6920005949329806,Normal
2026-01-01 06:33:00,0.01505494376297563,10.233859118089134,1.2013653533108273,49.89039019607417,289.67498803279653,292.10769825272814,0.7992433439567418,0.6809199786287669,Normal
2026-01-01 06:34:00,0.015035383203621638,10.276431798207506,1.196346784486879,49.911637040794666,289.95828101510483,292.2541343198373,0.8197254217678981,0.696069472429386,Normal
2026-01-01 06:35:00,0.014985924730436858,10.129741977517929,1.201846803058649,49.62998897011787,289.27517739015076,293.9631188532182,0.78614012057601,0.7100163182520856,Normal
2026-01-01 06:36:00,0.014948605964127273,9.96657638393663,1.186528737104703,49.7412039373329,289.5390700934373,290.9579435302507,0.8050558924183588,0.7139345452752442,Normal
2026-01-01 06:37:00,0.015040616171224961,10.029342737286665,1.1902838596148935,51.59864717050472,289.49802131395927,292.86234832488054,0.8148911310832829,0.7071054910229778,Normal
2026-01-01 06:38:00,0.014996563804642421,10.241301793301671,1.2120041390794443,50.56091944794124,290.1036336646995,291.85627624029985,0.822714497454228,0.7042934082280173,Normal
2026-01-01 06:39:00,0.015037134489359203,9.836612865802552,1.193431057210286,49.70451968197084,290.0346721685181,292.1436644522015,0.7959560257681604,0.7037963964838596,Normal
2026-01-01 06:40:00,0.014952167170236168,10.07373466177458,1.1895308901731805,50.696954404510734,289.6391312233314,291.9772438773494,0.8049142945272021,0.6944388125323921,Normal
2026-01-01 06:41:00,0.014982018749311387,9.921332237534529,1.2053665275252727,49.66618051024399,290.0884104360697,291.78788183330096,0.8056976035719865,0.6986993970644637,Normal
2026-01-01 06:42:00,0.015000157310991545,10.005748964586964,1.2118570415466299,51.17312463758664,289.7266599577064,291.71508353588064,0.801954817315533,0.7166906952582632,Normal
2026-01-01 06:43:00,0.015001409417812943,10.25569037252146,1.2071895331066507,50.36964219219809,289.864172444837,292.1647543677865,0.799011547987607,0.6905744199420812,Normal
2026-01-01 06:44:00,0.014986498035855621,10.03821981360398,1.209960476858058,49.89269785599577,290.83672604514925,291.2414131516642,0.8043597538950005,0.7161477879070984,Normal
2026-01-01 06:45:00,0.015018685497970424,10.00928730963123,1.1924320491143054,50.447716925810276,290.6702305258952,292.3752895837609,0.7746775391478032,0.6967797184550794,Normal
2026-01-01 06:46:00,0.014967971387118521,9.728028771804016,1.1857818933325814,48.4291238479315,289.3502093815362,291.7919027975574,0.8068206949006264,0.7132543210909508,Normal
2026-01-01 06:47:00,0.014995728615449361,10.149250713205443,1.2150133365195548,48.873232531090196,290.4148662089396,291.4349653304798,0.8012617790366198,0.6859318499050245,Normal
2026-01-01 06:48:00,0.015003608868951357,10.129096836228214,1.1967732016115786,48.806074993600944,290.4056982772458,291.7749935710021,0.7977752510322174,0.7058590420116464,Normal
2026-01-01 06:49:00,0.015015433165021762,10.432650944661091,1.1974916698354494,50.14294309476371,289.42586835562366,292.6285746084313,0.8204686219571956,0.6926322986405238,Normal
2026-01-01 06:50:00,0.015021348446342666,9.9384443530094,1.2132819414184906,51.73251499948509,290.4093888218774,291.73233245649186,0.7932506598120945,0.6858473280807581,Normal
2026-01-01 06:51:00,0.014966260737244863,10.043830065532788,1.2055623000940066,52.23130014619263,290.7689659592063,292.1792268091048,0.7959692401093498,0.7021853404241094,Normal
2026-01-01 06:52:00,0.01495397657487793,10.049876736742151,1.204558877720816,50.63805110144076,289.4387275968778,291.63452186214226,0.8199155330220473,0.7100947178859597,Normal
2026-01-01 06:53:00,0.015038330304656955,10.315490655952695,1.2216500234490109,50.50084447494446,289.54124858949285,292.3789609249618,0.7916793869515015,0.691550585614065,Normal
2026-01-01 06:54:00,0.015009969420359388,9.98094089352261,1.1935648176961986,48.19894226584726,290.50883073342175,292.3427538693951,0.7944988471706347,0.6850098403954159,Normal
2026-01-01 06:55:00,0.014977545403903303,10.055804305154068,1.2092784012808124,49.45732620026598,290.13574765541284,292.9243044166482,0.7985297457656916,0.6990815523566504,Normal
2026-01-01 06:56:00,0.015046534559265676,10.121579301943308,1.2005701312489707,49.212216248091764,290.2757381376198,291.9122180272504,0.8084073448212955,0.6991256467122281,Normal
2026-01-01 06:57:00,0.015003470239028786,10.037321824631272,1.2026859227886326,49.37915240174888,290.17029460820027,292.33432740237896,0.8020780250735332,0.7054831962755449,Normal
2026-01-01 06:58:00,0.015035378915521914,9.910713277089894,1.2152846842641252,49.83185618141521,290.19534796046406,292.0490337697695,0.7870737465284774,0.7094959457136448,Normal
2026-01-01 06:59:00,0.015002025554442303,10.038817998579662,1.2050783575628963,49.52790942230287,289.33676393584443,292.64793589093154,0.7946783143687282,0.699405848187275,Normal
2026-01-01 07:00:00,0.0157,10.214726349971954,1.2053829607904962,48.020700189624215,290.52365885331074,291.64058380619565,0.7939264556678779,0.7185550331479426,Spike
2026-01-01 07:01:00,0.015052660225273296,9.794696940117788,1.2107250733730979,50.747910256117535,290.5847949962139,292.37250265643866,0.7992277895477696,0.7022423474453529,Normal
2026-01-01 07:02:00,0.014992531075545627,10.026593934829375,1.196350472704571,48.927256974260196,289.885304627966,291.90265135194164,0.8042584365862984,0.6965357349399309,Normal
2026-01-01 07:03:00,0.01502914712852863,9.859975837012165,1.1916079033266098,50.23924686411115,289.97826152509305,291.96790591144577,0.8041820575588797,0.6838843264089717,Normal
2026-01-01 07:04:00,0.015019361278487554,10.239009325784968,1.1895519080597896,52.07408266974997,289.2344462487221,292.0458762422242,0.782239882459516,0.6973734047968383,Normal
2026-01-01 07:05:00,0.01504105894672597,9.695362619043244,1.18033643410624,49.08061540841358,290.25712737800893,292.12612019821336,0.8106394098756086,0.6966361305458886,Normal
2026-01-01 07:06:00,0.014971052296182596,9.888215630545682,1.2205620712994032,47.46971247725367,290.2860287208571,291.941885478439,0.8025256884599663,0.7096030479628147,Normal
2026-01-01 07:07:00,0.015020581543799953,10.075442375012905,1.188967916342783,49.71399577811989,289.9689044915003,292.10735659158524,0.8138453204759392,0.7046248362406685,Normal
2026-01-01 07:08:00,0.015031752734605486,10.313104805846868,1.1977874637641421,51.100959634998574,290.56217667993525,292.7890590287811,0.8044419832729067,0.6882063087836738,Normal
2026-01-01 07:09:00,0.014947237815407306,9.986849947785402,1.1972318670011108,51.95834745422059,289.83296138451004,292.4927248428076,0.8110132295773577,0.7017225438641104,Normal
2026-01-01 07:10:00,0.014964502244620027,9.88896009466136,1.203074066978091,48.770450405547585,290.2823029629468,292.43457729624845,0.8046654531145013,0.7067153117172905,Normal
2026-01-01 07:11:00,0.014938823034667197,10.376231413888117,1.2081573721253929,50.49669922323652,289.49016783065395,291.77223023698804,0.8134622575620275,0.7152803135938783,Normal
2026-01-01 07:12:00,0.014991917794966662,9.710397219916752,1.2086047348835973,49.53468954321995,289.9882239245629,291.5553795858858,0.8052225063601778,0.7088750396741406,Normal
2026-01-01 07:13:00,0.015021526267673878,9.560238808675983,1.1941692256143106,49.89405164569587,289.9128228710486,292.4776502791189,0.799020847535571,0.7076084665431147,Normal
2026-01-01 07:14:00,0.01504507071156288,10.088002890010667,1.1983287828621358,52.644343347017035,290.1126539610205,292.4380233962649,0.8227243472044689,0.7006008599461516,Normal
2026-01-01 07:15:00,0.015002222843412592,9.899589155129478,1.202825799504883,48.49702967160485,289.8152365355833,292.7363353378755,0.8088903712227989,0.7038831200542345,Normal
2026-01-01 07:16:00,0.015048858466367138,9.795753436573857,1.1975130887381644,50.25373966149457,289.9342637021642,291.6980096870154,0.8057374442100442,0.7124950490070615,Normal
2026-01-01 07:17:00,0.014958596956253553,10.14167128945987,1.2160734557602,50.46769317176543,290.41302358572074,291.88522567231985,0.7872369558346167,0.6866722260252035,Normal
2026-01-01 07:18:00,0.014948898526819345,10.04876014275424,1.2049097495163825,51.08578632493935,289.7816178813809,291.1802579187373,0.7871169238253647,0.6965056067278304,Normal
2026-01-01 07:19:00,0.014998333569033101,9.887184273852654,1.207348777860498,50.09798315347089,289.19671144963064,291.8037644469696,0.8029271548214186,0.6922743125124375,Normal
2026-01-01 07:20:00,0.015011521963468178,9.743939120265821,1.206628812686674,50.3080505395041,290.8747919521027,292.4982852552897,0.8014552119776824,0.7037915311872612,Normal
2026-01-01 07:21:00,0.014999019157557176,10.174491465656029,1.2117347385748531,49.60835143257821,290.69072703934523,291.7667523103859,0.7938587743499169,0.7123022217565078,Normal
2026-01-01 07:22:00,0.014937976736998803,10.130040235591732,1.201810215587037,50.269126941245105,289.3538686524472,292.3202398976004,0.8014098269961206,0.6940302571327892,Normal
2026-01-01 07:23:00,0.014997326398814615,9.980164827244124,1.1870316805204415,49.65680772450259,290.3448539026226,291.9047484470011,0.815886269280436,0.6760969563253055,Normal
2026-01-01 07:24:00,0.014960865914984854,10.369327399209533,1.2039968795175264,50.62157188985605,289.74851261472435,292.1620285141108,0.806954024745503,0.6958777925497552,Normal
2026-01-01 07:25:00,0.0150200901764649,9.785983046734769,1.1934864310620816,49.630389663956365,290.13174360766556,291.42615430509215,0.7885899149024727,0.7091347373201741,Normal
2026-01-01 07:26:00,0.015010997947382905,9.694894965815053,1.1947138331825025,50.37710039390219,290.14711206450676,292.04260472481695,0.7988849117285706,0.7053762990294987,Normal
2026-01-01 07:27:00,0.01497180360641018,9.861618386023752,1.2058636401875509,49.97073718631502,289.8827960998418,290.50443201454965,0.7919503351914744,0.7042818624781058,Normal
2026-01-01 07:28:00,0.014984583992479898,9.9908827967289,1.2123828307143363,51.12605025077217,289.6081171672068,291.906551920919,0.7961230008359145,0.6972000669812551,Normal
2026-01-01 07:29:00,0.01496822359434333,10.048667889864538,1.2002127157673605,49.94860627641151,289.6547294738419,291.1847633781424,0.7958638433437036,0.6872096926378021,Normal
2026-01-01 07:30:00,0.014998119627081804,9.951752788428735,1.2030883301259896,48.22696753179312,289.5419040422594,292.60299725827343,0.79522354417396,0.7051529432162447,Normal
2026-01-01 07:31:00,0.015028654269615036,10.07041107930286,1.2170221494463522,51.26192150071399,289.5840888958848,292.38870367638225,0.7874486462802661,0.6916571818996538,Normal
2026-01-01 07:32:00,0.014970428218609933,9.749692115161912,1.2024075317948857,49.09426769913738,289.9664108549753,292.23333549098305,0.7987234531848182,0.7218409673338045,Normal
2026-01-01 07:33:00,0.015015121395465535,10.288752920814652,1.2260168311418038,49.34623366135118,289.6421200054446,292.7605031135797,0.7943939236315269,0.7057050720835452,Normal
2026-01-01 07:34:00,0.014984092271448826,9.983569764321487,1.2056550964563153,49.404338705956505,290.3410260328563,291.5255417395876,0.7707055130999774,0.6941935169744604,Normal
2026-01-01 07:35:00,0.014976213815032129,10.223459166317625,1.1823923724084417,51.374438093170816,290.74362307766796,292.8736815989578,0.8205297202450167,0.6938861475261137,Normal
2026-01-01 07:36:00,0.014996789089201363,10.06854506927554,1.2075334162110454,47.864325786021304,289.709973379315,292.4660957821302,0.8108876965421667,0.6990705579338641,Normal
2026-01-01 07:37:00,0.014968942730327419,10.091350643830756,1.2038115838488277,53.137748533659995,290.11970225026766,291.8817223563905,0.7962369927507501,0.6976049807797825,Normal
2026-01-01 07:38:00,0.014983390520839584,10.11395345604644,1.2128975275408274,51.05605680906605,290.2498425551515,292.5678100735915,0.8001881904974061,0.7111683377552995,Normal
2026-01-01 07:39:00,0.014964063663222334,10.089541712003463,1.2067318135126996,50.22323891412916,290.2360011354596,291.4468532437942,0.7882834565268244,0.7018641616974404,Normal
2026-01-01 07:40:00,0.015058941753987492,10.128544551973508,1.1986154401601623,49.94510599938371,290.03797763395806,291.5877429192362,0.8169572287781087,0.6926836826109146,Normal
2026-01-01 07:41:00,0.01500105790655915,10.265830506026486,1.1877570176371064,50.28555407485766,290.3713412091799,291.69570513838016,0.8189728869477312,0.7189044068515578,Normal
2026-01-01 07:42:00,0.014979008234760222,10.039304233940294,1.1979097674271397,50.521122428379336,290.2411244763403,291.735511145968,0.8015669372824653,0.7004930833152022,Normal
2026-01-01 07:43:00,0.015006419397322026,10.141800751517703,1.191494795457907,50.645215585950055,289.38116878883636,291.4717211786199,0.8102353064418535,0.707688396759689,Normal
2026-01-01 07:44:00,0.014996630158509274,9.982052861142554,1.1941947655019527,50.55560446600345,290.4345780321946,292.61154153354767,0.8017528677893393,0.6939177349255523,Normal
2026-01-01 07:45:00,0.014993370912014003,10.288023443089894,1.205885784044206,50.08958068125525,290.44364541863337,291.8705727998151,0.7866327456112407,0.7036311562774452,Normal
2026-01-01 07:46:00,0.015018425001001302,9.864721539588146,1.216699045043514,49.802661579692675,289.6183569479107,292.17625248417846,0.7958817663103634,0.703111099911432,Normal
2026-01-01 07:47:00,0.015022725231301418,10.360188086582163,1.2039467152982297,49.84872671634649,290.0189689177238,291.71482431679317,0.8013192796677197,0.6811035070790384,Normal
2026-01-01 07:48:00,0.014984084965571683,9.99196840987113,1.1880411693796482,49.80509171964732,290.34166449640554,291.0896983497257,0.7954545228125656,0.7201527511046063,Normal
2026-01-01 07:49:00,0.014982725452780659,9.71384497957639,1.2044460266822015,51.13377009686707,289.8953430902103,292.1350286791957,0.7978134672256497,0.7129064446092255,Normal
2026-01-01 07:50:00,0.01499174844908545,10.025620882982158,1.2119663148664566,50.59355672228086,290.536489023883,291.04387251229014,0.7990860044249088,0.69602804683854,Normal
2026-01-01 07:51:00,0.014930942365057933,9.863789668505024,1.193902170956806,47.05961136533572,291.1819362473097,291.9656829769573,0.7991912150213454,0.6889773025954414,Normal
2026-01-01 07:52:00,0.014954544268134043,10.168128709797745,1.1986598283332708,50.65590077652976,289.6070069836825,291.31584248058357,0.8005225849049749,0.7034756161380354,Normal
2026-01-01 07:53:00,0.015041006228023335,9.869475204139523,1.200146881947292,50.19473619471877,289.3094776984231,292.99363799961543,0.789393949336034,0.7008669769941439,Normal
2026-01-01 07:54:00,0.015049349031405038,9.910763313357045,1.1921510168691776,49.981291243554104,290.15190929780243,292.4556813610874,0.7928298385087207,0.7035566894856322,Normal
2026-01-01 07:55:00,0.014992528918813308,9.622091853810893,1.2064828043384386,49.611481546911115,290.3607812525631,292.05287689563573,0.7871541573430003,0.7019157739619408,Normal
2026-01-01 07:56:00,0.015017296708891672,9.909538736150184,1.198790518513922,51.124112719986016,289.88456681307764,292.63185333882734,0.809778155496862,0.7050624098930592,Normal
2026-01-01 07:57:00,0.015009337504636306,9.51522413467421,1.2041953244390702,50.94752646212286,290.72663033166054,291.5768420112671,0.7789435305815968,0.714473056993918,Normal
2026-01-01 07:58:00,0.015092366424253656,9.683219435302856,1.1911250782219789,49.22712233217639,289.33069710013837,292.27173968933505,0.8115359034331693,0.7056810320512864,Normal
2026-01-01 07:59:00,0.015033587247343036,10.15208293122886,1.195625416996766,50.407052287124536,290.3464593115158,292.0999052168594,0.8138634939726285,0.6895034450109006,Normal
2026-01-01 08:00:00,0.014996162472255577,10.157160031730166,1.2072238135782776,49.028343265458716,289.6970695896205,292.13201004066684,0.7969781941301738,0.7136256285271245,Normal
2026-01-01 08:01:00,0.014971333786781987,10.085091512356993,1.1962716684790824,48.62038183521107,290.85968895310367,292.6361767500534,0.773968629121727,0.7164061456348828,Normal
2026-01-01 08:02:00,0.014951806610392273,9.806604771374158,1.217269638512334,49.37328277541003,290.99625767658404,292.3662460513899,0.7963868943803272,0.7315205673451208,Normal
2026-01-01 08:03:00,0.015006103909076016,9.990457728771604,1.196003638143854,50.862393472382756,289.6166717061083,292.14436183141254,0.7993581583871119,0.6887650596676039,Normal
2026-01-01 08:04:00,0.014977309477641471,9.999279492181886,1.2022468472575187,50.95312504537608,289.7252214320457,291.1725562818859,0.7898940178007109,0.7024288201315027,Normal
2026-01-01 08:05:00,0.01495733238871207,9.768327062161491,1.2093259083187309,50.51308542009729,290.4297939434899,291.5199768523603,0.7948478160619176,0.6791790129681101,Normal
2026-01-01 08:06:00,0.014980602813472724,10.30067966035343,1.1858163426706696,50.725095786847994,289.80643467510527,291.93864553320213,0.8153019519886335,0.705531491563792,Normal
2026-01-01 08:07:00,0.014967553559891567,10.175472458115134,1.1823919118801922,50.51617828711496,289.97729439103387,292.04668618713833,0.8066492716230175,0.6945179970183323,Normal
2026-01-01 08:08:00,0.015050614249052177,9.955807165234067,1.184743436854299,49.35851840477705,290.0126942102712,291.434898137663,0.790754358856219,0.7192344579482495,Normal
2026-01-01 08:09:00,0.015026449192708484,10.005377167798907,1.2126258410342718,50.43192254467394,289.0401634219012,293.2058383377892,0.7840240083040457,0.6922538502998141,Normal
2026-01-01 08:10:00,0.0149997608207605,10.04167656158951,1.1944814185410755,50.800409525227685,289.99308112695286,292.7581970276268,0.7967298268239024,0.6831081696203274,Normal
2026-01-01 08:11:00,0.015044398324166701,9.591653026315141,1.2255819928566825,50.754291329813576,289.6551361129679,292.30105916019625,0.7978654322064956,0.6952873625929747,Normal
2026-01-01 08:12:00,0.015002321049229429,9.950564523495881,1.194357524013426,51.18891337147464,289.7534385888001,292.0360184306419,0.8049619918736332,0.6802451222878286,Normal
2026-01-01 08:13:00,0.014974161473960152,9.86360315040044,1.2018455130319703,50.708303847201066,290.7218160017344,291.89389551504945,0.7946468328743235,0.707510994545073,Normal
2026-01-01 08:14:00,0.01504569372231809,9.799675998021018,1.2154210995256787,50.35144820754158,289.3717465528604,291.52404076998886,0.8051149957536187,0.6793491695374367,Normal
2026-01-01 08:15:00,0.01501616730131054,9.94377994142281,1.2200609288815911,51.07015023831643,290.406602593374,292.03874025925944,0.8193515404006023,0.7002845758118316,Normal
2026-01-01 08:16:00,0.014968882615370206,10.359537305369905,1.2206150357663639,49.97347874075094,289.8605185348341,292.1288762700714,0.8081550102244427,0.6792218818014379,Normal
2026-01-01 08:17:00,0.014994289839657492,10.128168572253403,1.2120836623059315,49.11812534877228,289.8601199157521,291.3791197122592,0.7995191149266924,0.6967970219546336,Normal
2026-01-01 08:18:00,0.014973731452398456,9.88576420204344,1.2102406252581146,49.83693303605624,290.39518594802587,292.16708820862243,0.7981684952894671,0.7164337815580453,Normal
2026-01-01 08:19:00,0.01495851600807107,10.114516556271232,1.2059252694920117,49.25509735519355,290.17002564728443,291.9223704755876,0.7964332686582013,0.7036064789143579,Normal
